video_id,title,channel,category,upload_date,duration_seconds,views,likes,comments,subscribers,watch_time,average_view_duration,average_percentage_viewed,impressions,ctr,subscribers_gained,unique_viewers,views_per_subscriber,like_rate,comment_rate,engagement_rate,performance_label
Kqsc1GSBR0g,WHAT IF THE TRANSFORMERS TOOK OVER THE WORLD? | TRANSFORMERS: DARK FATE,LEGEND MOVIES WHAT IF,Movies,2026-09-22,140.0,24.0,0,0,0,0.3415,61,43.57,243,4.12,0,,0.0,0.0,0.0,0.0,low
p7qByXyeyOY,WHAT IF THEY SAVED THE ENTITY? | TRANSFORMERS: DARK OF THE MOON,LEGEND MOVIES WHAT IF,Movies,2026-09-20,121.0,177.0,0,0,0,1.9553,45,37.19,5833,2.42,1,,0.0,0.0,0.0,0.0,low
TAI1ddxKe-c,WHAT IF JOKER WAS RECOGNIZED AND WENT INTO HIDING? | Joker Alternative Ending,LEGEND MOVIES WHAT IF,Movies,2026-09-17,126.0,509.0,0,0,0,1.4826,39,30.95,4507,2.2,0,,0.0,0.0,0.0,0.0,medium
_9dIJ4zSurk,WHAT IF JOKER NEVER GOT CAUGHT? | Joker (2019) Alternative Ending,LEGEND MOVIES WHAT IF,Movies,2026-09-15,136.0,967.0,0,0,0,3.383,38,27.94,10153,2.43,0,,0.0,0.0,0.0,0.0,high
odVBQjiomuM,What If Jurassic World: Fallen Kingdom Had a Different Ending? | Part 2,LEGEND MOVIES WHAT IF,Movies,2026-09-13,121.0,749.0,0,0,0,7.2191,36,29.75,18310,3.33,2,,0.0,0.0,0.0,0.0,medium
nbZGWAKqwqs,What If the T-Rex Never Left Jurassic World? 🦖 | Alternate Ending,LEGEND MOVIES WHAT IF,Movies,2026-09-11,121.0,614.0,0,0,0,5.3062,39,32.23,11053,3.96,0,,0.0,0.0,0.0,0.0,medium
5SAGPy7MvCk,What If Maverick & Rooster Flew Together? | TOP GUN (1986) Alternate Ending,LEGEND MOVIES WHAT IF,Movies,2026-09-09,133.0,936.0,0,0,0,6.6263,43,32.33,13487,3.18,1,,0.0,0.0,0.0,0.0,medium
3iYDZGgiQrQ,What If Maverick Never Ejected? | TOP GUN (1986) Alternate Ending,LEGEND MOVIES WHAT IF,Movies,2026-09-07,123.0,488.0,0,0,0,2.25,42,34.15,5061,2.79,0,,0.0,0.0,0.0,0.0,medium
Dh-J_S5AEi8,The Mummy (1999) — What If the Curse Was Broken… But the Secret Remained?,LEGEND MOVIES WHAT IF,Movies,2026-09-04,146.0,1503.0,0,0,0,6.0028,43,29.45,10913,3.45,0,,0.0,0.0,0.0,0.0,high
jORhDiDbIiQ,The Mummy (1999) — What If the Curse Was Never Broken? | Alternative Ending,LEGEND MOVIES WHAT IF,Movies,2026-09-03,149.0,2314.0,0,0,0,11.1195,43,28.86,19112,4.23,4,,0.0,0.0,0.0,0.0,high
-iVAuB2ANHY,WHAT IF? The Ultimate Movie Compilation | Alternate Endings & Twisted Stories,LEGEND MOVIES WHAT IF,Movies,2026-08-30,914.0,419.0,0,0,0,14.9765,143,15.65,14369,2.11,3,,0.0,0.0,0.0,0.0,medium
Yeg4Z0LYyxs,Pocahontas (1995) — What If They Chose Peace? | Alternative Ending,LEGEND MOVIES WHAT IF,Movies,2026-08-30,135.0,1300.0,0,0,0,2.4768,30,22.22,13228,1.22,1,,0.0,0.0,0.0,0.0,high
ch7fZ5wP4sA,POCAHONTAS (1995) WHAT IF? | What If They Chose Peace? | Alternate Ending,LEGEND MOVIES WHAT IF,Movies,2026-08-29,140.0,107.0,0,0,0,0.9503,54,38.57,1400,2.86,0,,0.0,0.0,0.0,0.0,low
QiDsivtcyHA,What If Terminator: Dark Fate Had a Different Ending? | Arnold Schwarzenegger’s Alternate Ending,LEGEND MOVIES WHAT IF,Movies,2026-08-28,138.0,399.0,0,0,0,3.3197,36,26.09,7027,3.8,1,,0.0,0.0,0.0,0.0,medium
FnNk8t5u6gk,What If the Beast Wasn't the Real Villain? | Beauty and the Beast Alternate Ending,LEGEND MOVIES WHAT IF,Movies,2026-08-27,149.0,346.0,0,0,0,3.0855,36,24.16,1723,5.46,0,,0.0,0.0,0.0,0.0,low
9jPZkhHS7Dc,What If Bella and the Beast Had a Different Ending? | Beauty and the Beast,LEGEND MOVIES WHAT IF,Movies,2026-08-26,162.0,312.0,0,0,0,2.9262,38,23.46,1324,5.21,0,,0.0,0.0,0.0,0.0,low
fVGe1Nf2uBE,What If Sarah Connor Changed the Future? | Terminator: The Sarah Connor Chronicles,LEGEND MOVIES WHAT IF,Movies,2026-08-25,121.0,241.0,0,0,0,1.5281,49,40.5,1663,4.69,0,,0.0,0.0,0.0,0.0,low
kDUfBwuquNw,WHAT IF Indiana Jones Never Escaped the Lost Ark? | Raiders of the Lost Ark,LEGEND MOVIES WHAT IF,Movies,2026-08-23,141.0,3516.0,0,0,0,12.1103,39,27.66,17174,4.66,0,,0.0,0.0,0.0,0.0,high
sJngx6ckZD0,WHAT IF Marty McFly Changed the Future? | Back to the Future Alternate Ending,LEGEND MOVIES WHAT IF,Movies,2026-08-21,134.0,620.0,0,0,0,4.0964,49,36.57,6779,3.38,2,,0.0,0.0,0.0,0.0,medium
2pvEqgHGI9k,PART 2: BLACK PANTHER — What If T’Challa Chose a Different Ending? | Alternate Ending,LEGEND MOVIES WHAT IF,Movies,2026-08-19,73.0,47.0,0,0,0,0.2725,23,31.51,1595,1.94,0,,0.0,0.0,0.0,0.0,low
i26HUkQ1yIM,What If the Ghostbusters Never Fired? 👻 | Ghostbusters (1984) Alternate Ending,LEGEND MOVIES WHAT IF,Movies,2026-08-19,130.0,62.0,0,0,0,0.7924,49,37.69,818,2.93,0,,0.0,0.0,0.0,0.0,low
ABPQSvaB4Is,🔥 PART 1 | What If Black Panther Never Became King? | Black Panther (2018) | Chadwick Boseman,LEGEND MOVIES WHAT IF,Movies,2026-08-18,73.0,101.0,0,0,0,0.5847,22,30.14,4155,1.71,1,,0.0,0.0,0.0,0.0,low
RUuHDdsjqms,Terminator 7: What If Skynet Was Finally Destroyed? | Alternative Ending,LEGEND MOVIES WHAT IF,Movies,2026-08-04,116.0,165.0,0,0,0,1.9843,44,37.93,2711,4.32,3,,0.0,0.0,0.0,0.0,low
fYLp41HnZeQ,Titanic Alternate Ending: What If Rose Gave the Heart of the Ocean to Jack?💙|The Ending We Never Got,LEGEND MOVIES WHAT IF,Movies,2026-08-03,132.0,945.0,0,0,0,15.886,61,46.21,11035,6.53,7,,0.0,0.0,0.0,0.0,high
Q-WdjG7Ktbk,What If Delta House Was Never Destroyed? | National Lampoon's Animal House (1978) Alternate Ending,LEGEND MOVIES WHAT IF,Movies,2026-07-30,120.0,111.0,0,0,0,1.277,42,35.0,7757,1.06,0,,0.0,0.0,0.0,0.0,low
w3RqHvzif7w,What If Agent K Never Retired?| Men in Black (1997) Alternate Ending / Will Smith & Tommy Lee Jones,LEGEND MOVIES WHAT IF,Movies,2026-07-29,126.0,231.0,0,0,0,1.8419,28,22.22,10624,1.55,0,,0.0,0.0,0.0,0.0,low
Xpq0uIJIbn4,What If Victor Maitland Survived? | Beverly Hills Cop (1984) Alternate Ending |Eddie Murphy,LEGEND MOVIES WHAT IF,Movies,2026-07-28,124.0,106.0,0,0,0,1.1335,39,31.45,6331,1.23,0,,0.0,0.0,0.0,0.0,low
y3XYnyWzw-0,What If Jennifer Lived? | Love Story (1970) Alternate Ending | Ryan O'Neal & Ali MacGraw,LEGEND MOVIES WHAT IF,Movies,2026-07-27,122.0,197.0,0,0,0,2.3552,45,36.89,5983,2.44,1,,0.0,0.0,0.0,0.0,low
fcO_Kh3CD0M,What If Douglas Quaid (Arnold ) Exposed Cohaagen? | Total Recall (1990) Alternate Ending,LEGEND MOVIES WHAT IF,Movies,2026-07-26,130.0,495.0,0,0,0,4.5744,45,34.62,7124,3.44,0,,0.0,0.0,0.0,0.0,medium
dz8prNIb5pk,What If Arnold & Jamie Became the Ultimate Spy Team? | True Lies (1994) Alternate Ending,LEGEND MOVIES WHAT IF,Movies,2026-07-25,140.0,198.0,0,0,0,2.5009,46,32.86,4951,2.97,0,,0.0,0.0,0.0,0.0,low
Bn1X0mOgAmo,What If Rocky Defeated Apollo Creed? |Rocky (1976) | Sylvester Stallone | Alternate Ending,LEGEND MOVIES WHAT IF,Movies,2026-07-25,127.0,1453.0,0,0,0,16.206,40,31.5,29801,4.18,3,,0.0,0.0,0.0,0.0,high
xLWjPnpyrXQ,What If Kevin Outsmarted the Wet Bandits? | Home Alone (1990) Alternate Ending,LEGEND MOVIES WHAT IF,Movies,2026-07-24,125.0,183.0,0,0,0,2.8756,58,46.4,2797,3.86,0,,0.0,0.0,0.0,0.0,low
-o8I1uuctlU,What If Jurassic Park Had a Darker Ending? | Alternate Ending (1993) | The Secret Predator Survived,LEGEND MOVIES WHAT IF,Movies,2026-07-23,135.0,339.0,0,0,0,4.3114,46,34.07,5969,4.31,0,,0.0,0.0,0.0,0.0,low
feN33NXSwlY,What If E.T Never Went Home? | E.T. the Extra-Terrestrial (1982) Alternate Ending,LEGEND MOVIES WHAT IF,Movies,2026-07-22,127.0,126.0,0,0,0,1.6045,46,36.22,2430,3.0,0,,0.0,0.0,0.0,0.0,low
G7vfC-7NrCI,What If Michael Keaton's Batman Saved Jack Nicholson's Joker? | Batman (1989) Alternate ending,LEGEND MOVIES WHAT IF,Movies,2026-07-21,121.0,827.0,0,0,0,13.7028,59,48.76,20725,2.8,8,,0.0,0.0,0.0,0.0,medium
yWbXBjAuoCM,What if Sylvester Stallone ( Rambo) brought the forgotten soldiers home ? Alternative Ending (1985),LEGEND MOVIES WHAT IF,Movies,2026-07-20,135.0,549.0,0,0,0,7.0644,46,34.07,8013,4.73,3,,0.0,0.0,0.0,0.0,medium
-0hV2V7MgtY,What If Superman Chose Love Over Power? | Alternative Ending (1978),LEGEND MOVIES WHAT IF,Movies,2026-07-18,125.0,1512.0,0,0,0,21.1063,50,40.0,22201,5.38,1,,0.0,0.0,0.0,0.0,high
jOLKjDGApnM,Love Never Dies: What If Christine Survived? ❤️ | Gerard Butler & Emmy Rossum Alternate Ending,LEGEND MOVIES WHAT IF,Movies,2026-07-18,128.0,2212.0,0,0,0,52.3367,85,66.41,46288,3.28,8,,0.0,0.0,0.0,0.0,high
dJ4OmyZmVlI,Clint Eastwood's The Bridges of Madison County: What If Francesca Opened the Door?,LEGEND MOVIES WHAT IF,Movies,2026-07-16,129.0,1379.0,0,0,0,22.0214,57,44.19,35926,2.96,3,,0.0,0.0,0.0,0.0,high
4dpHmpKlXco,The Phantom of the Opera (2004): What If Christine Chose Erik? | Happy Alternate Ending,LEGEND MOVIES WHAT IF,Movies,2026-07-15,136.0,4935.0,0,0,0,85.8931,63,46.32,88246,4.06,31,,0.0,0.0,0.0,0.0,high
oZ-8UM9_TlQ,What If Arnold Schwarzenegger's T-800 Survived? | Terminator 2 Alternate Ending,LEGEND MOVIES WHAT IF,Movies,2026-07-14,126.0,20854.0,0,0,0,317.3488,54,42.86,252796,6.66,82,,0.0,0.0,0.0,0.0,high
GezZbVmfqz8,Whitney Houston Chooses Kevin Costner | The Bodyguard's (1992) Alternate Ending,LEGEND MOVIES WHAT IF,Movies,2026-07-12,125.0,827.0,0,0,0,11.2452,50,40.0,20128,3.09,2,,0.0,0.0,0.0,0.0,medium
oBwffOH68vs,A Star Is Born (2018): What If Jack Chose to Live? | The Ending We All Wanted,LEGEND MOVIES WHAT IF,Movies,2026-07-11,125.0,272.0,0,0,0,3.594,48,38.4,11058,1.69,1,,0.0,0.0,0.0,0.0,low
iZV71IhVxAA,Pearl Harbor (2001) | What If Danny Lived?Alternate Ending,LEGEND MOVIES WHAT IF,Movies,2026-07-10,133.0,733.0,0,0,0,9.3521,46,34.59,34190,1.51,1,,0.0,0.0,0.0,0.0,medium
ykkuMjDkW7E,Romeo + Juliet (1996): What If They Never Died? | The Happy Ending Shakespeare Never Wrote,LEGEND MOVIES WHAT IF,Movies,2026-07-09,133.0,1137.0,0,0,0,16.962,54,40.6,19312,4.0,9,,0.0,0.0,0.0,0.0,high
UJCZ7slIt6k,The Happy Ending Ghost (1990) Fans Always Wanted,LEGEND MOVIES WHAT IF,Movies,2026-07-08,127.0,573.0,0,0,0,5.6936,35,27.56,14869,3.09,1,,0.0,0.0,0.0,0.0,medium
YcFXkDZFO8o,Deadpool & Wolverine (2024): What If Wolverine Stayed in Deadpool's Universe? | Alternate Ending,LEGEND MOVIES WHAT IF,Movies,2026-07-08,131.0,1167.0,0,0,0,10.9473,33,25.19,26816,3.18,5,,0.0,0.0,0.0,0.0,high
r-5nZT8lpXI,Twins (1988) Alternate Ending | What If Vincent Became Just Like Julius? 😂,LEGEND MOVIES WHAT IF,Movies,2026-07-06,125.0,369.0,0,0,0,4.3285,42,33.6,8083,2.87,0,,0.0,0.0,0.0,0.0,medium
1djxxoMIZHg,Aladdin (2019) Alternate Ending | What If Aladdin Never Freed Genie? 🧞‍♂️,LEGEND MOVIES WHAT IF,Movies,2026-07-06,125.0,1697.0,0,0,0,17.9141,38,30.4,23938,5.17,5,,0.0,0.0,0.0,0.0,high
EPV4HRJOzVk,Obsession (2023) Alternate Ending | What If William Chose His Family Over Anna? ❤️,LEGEND MOVIES WHAT IF,Movies,2026-07-05,159.0,201.0,0,0,0,1.79,32,20.13,5231,2.52,0,,0.0,0.0,0.0,0.0,low
tP9dxC1a_uc,Avengers: Endgame Alternate Ending | What If Tony Stark Survived? ❤️,LEGEND MOVIES WHAT IF,Movies,2026-07-05,169.0,1455.0,0,0,0,21.5494,53,31.36,37174,3.1,2,,0.0,0.0,0.0,0.0,high
3SoDRkAkX1w,A Walk to Remember Alternate Ending | What If Jamie Survived? ❤️,LEGEND MOVIES WHAT IF,Movies,2026-07-04,128.0,3731.0,0,0,0,52.0897,50,39.06,96377,2.86,15,,0.0,0.0,0.0,0.0,high
T3wnTNquInc,The fault in our stars Alternate ending |What If Everything Got Better... And No One Died?,LEGEND MOVIES WHAT IF,Movies,2026-07-03,144.0,879.0,0,0,0,9.265,37,25.69,28349,2.01,5,,0.0,0.0,0.0,0.0,medium
bsM9M_DrDO0,Beauty and the beast (2017)Alternate ending | What if the curse never broke?,LEGEND MOVIES WHAT IF,Movies,2026-07-02,127.0,36768.0,0,0,0,491.2947,48,37.8,832077,3.46,207,,0.0,0.0,0.0,0.0,high
_JYyFf0WXdE,When Harry Met Sally (1989) Alternate Ending | What If They Stayed Best Friends? ❤️,LEGEND MOVIES WHAT IF,Movies,2026-06-25,131.0,726.0,0,0,0,5.3886,26,19.85,26989,1.99,1,,0.0,0.0,0.0,0.0,medium
nN0FF46x-oI,La La Land (2016) Alternate Ending | What If Mia & Sebastian Chose Each Other? ❤️,LEGEND MOVIES WHAT IF,Movies,2026-06-25,136.0,225.0,0,0,0,1.9857,31,22.79,10999,1.3,0,,0.0,0.0,0.0,0.0,low
ITdWOaI_Xrw,Sleepless in Seattle (1993) Alternate Ending | What If Annie Never Went to New York? ❤️,LEGEND MOVIES WHAT IF,Movies,2026-06-24,160.0,468.0,0,0,0,5.8908,45,28.12,16544,2.21,1,,0.0,0.0,0.0,0.0,medium
oD8-9QGaoi0,What if Julia Roberts chose herself over Richard gere? Pretty woman |Alternative ending,LEGEND MOVIES WHAT IF,Movies,2026-06-23,133.0,1496.0,0,0,0,18.6351,44,33.08,30514,3.9,3,,0.0,0.0,0.0,0.0,high
yafqQ0fKIak,The Notebook (2004) Alternate Ending | What If Allie Remembered Forever? ❤️,LEGEND MOVIES WHAT IF,Movies,2026-06-23,139.0,368.0,0,0,0,3.3189,32,23.02,11631,1.91,1,,0.0,0.0,0.0,0.0,medium
nzWCYyyL0rA,The Matrix Alternate Ending: What If Neo Never Returned? 🤖 | Agent Smith Wins,LEGEND MOVIES WHAT IF,Movies,2026-06-21,129.0,716.0,0,0,0,7.5283,37,28.68,24367,2.14,1,,0.0,0.0,0.0,0.0,medium
NID0nvEhQsw,Titanic Alternate Ending: What If Jack Survived? 🚢❤️ | The Ending We Never Got,LEGEND MOVIES WHAT IF,Movies,2026-06-21,124.0,21821.0,0,0,0,341.7795,56,45.16,266971,6.47,83,,0.0,0.0,0.0,0.0,high
